{
    "accuracy": 0.8700711220277468,
    "loss": 0.6056583874365863
}