{
    "accuracy": 0.8604580905320629,
    "loss": 0.7718514502048492
}