{
    "accuracy": 0.860915787906279,
    "loss": 0.5754976868629456
}